requirement_id,group,practice_question,formalization_class,proposed_formal_target,legal_or_semantic_preconditions,external_validation_obligation,proof_family_ids,task_ids,minimal_counterexample_test,proof_status
D001,01 接案、问题与主体识别,咨询属于什么法律主题，是否存在多个并列问题？,语义/经验混合（仍有必证结构）,topics(out)⊆Topics_scope；每个已确认并列争点有唯一需求对象，未分类段落进入residual,议题分类表与范围由任务与法律研究确定，不能由分类器输出自定,自然语言多议题召回及误分类率,M01;M04;M16,EXT09;REV02;ROOT02;ROOT03;ROOT06;ROOT08;T01;T02;T03;T22;T24,同一咨询含欠款与名誉请求，不能因主主题只报一个,OBLIGATIONS_INSTANTIATION_PENDING_NOT_PROVED
D002,01 接案、问题与主体识别,材料反映民事还是刑事性质，标签是否足以支持该判断？,语义/经验混合（仍有必证结构）,route(s)允许民事、刑事、并行或待定；分类不得自动改变准入事实,法域/阶段及竞合路由政策明确；民刑不是互斥穷尽标签,案情性质判断需法律审核,M04;M07;M16,EXT09;ROOT03;ROOT06;ROOT08;T01;T03;T16;T17;T18;T19;T22;T24,同一行为同时涉民事责任与犯罪线索，不强制二选一,OBLIGATIONS_INSTANTIATION_PENDING_NOT_PROVED
D003,01 接案、问题与主体识别,谁是原告、被告、承包人、借款人、保证人或非诉交易主体？,法律条件计算优先（须显式政策）,"Role(person,matter,stage)的每个绑定都有出处；主体、角色、名称为不同类型",经核对的身份依据与文本角色解释,同名人物、代表人及角色抽取,M01;M04;M16,EXT09;REV02;ROOT02;ROOT03;ROOT06;ROOT08;T01;T02;T03;T22;T24,法定代表人签字不得自动变成其个人承担全部公司债务,OBLIGATIONS_INSTANTIATION_PENDING_NOT_PROVED
D004,01 接案、问题与主体识别,同一案件中每名被告对应哪些行为、罪名及处分？,法律条件计算优先（须显式政策）,逐被告结果图的边均保留同一actor_id、行为集合和案件；整案正确=所有必查映射正确,参与、共同犯罪及归责规则另行准入,行为人与行为对应是否真实,M01;M06;M08;M16,EXT03;EXT09;REV02;ROOT02;ROOT06;ROOT08;T01;T02;T05;T06;T16;T17;T18;T19;T22;T24,交换两被告刑期而整案平均不变，检查仍须失败,OBLIGATIONS_INSTANTIATION_PENDING_NOT_PROVED
D005,01 接案、问题与主体识别,公司全称、简称、曾用名与登记代码能否一致解析？,机械精化优先（给定结构输入）,对固定登记快照，规范主体键连接和别名解析与独立查表语义相同,统一代码、别名有效期、实体合并依据已核对,登记数据更新与错误修复,M01;M02;M16,EXT09;REV02;ROOT02;ROOT06;ROOT08;T01;T02;T03;T20;T22;T24,同名异码不合并；更名前后同码按时间处理,OBLIGATIONS_INSTANTIATION_PENDING_NOT_PROVED
D006,01 接案、问题与主体识别,自然人、公司、关联方与代表人是否被混同？,法律条件计算优先（须显式政策）,自然人、法人、关联、代表关系不等同于身份相等；责任边须经明确规则生成,人格、代理及穿透规则经法律解释,共同地址/股东事实与人格混同评价,M01;M11;M16,EXT04;EXT09;REV02;ROOT02;ROOT06;ROOT08;T01;T02;T09;T22;T24,两公司同地址不能由等号传播成同一债务人,OBLIGATIONS_INSTANTIATION_PENDING_NOT_PROVED
D007,01 接案、问题与主体识别,法院代字、法院级别与管辖机关信息如何关联？,机械精化优先（给定结构输入）,法院代字到机构和级别的查表结果正确；管辖判断使用另外的适用规则,机构有效期、管辖法源与事件地等前提已准入,机构数据及时性与事实地点,M01;M02;M07;M16,EXT09;REV02;ROOT02;ROOT06;ROOT08;T01;T02;T03;T16;T17;T18;T19;T20;T22;T24,正确解析法院代字不等于该法院有管辖权,OBLIGATIONS_INSTANTIATION_PENDING_NOT_PROVED
D008,01 接案、问题与主体识别,某项请求针对谁、要求什么救济，而不是只提取关键词？,法律条件计算优先（须显式政策）,"Claim=(claimant,respondent,basis,object,remedy,scope)；保留请求之间关联与差异",谁主张对谁以及救济对象已确定或显式假设,诉求理解与最优请求选择,M01;M08;M16,EXT09;REV02;ROOT02;ROOT06;ROOT08;T01;T02;T16;T17;T18;T19;T22;T24,本金请求与担保责任请求不得共用无主体的金额字段,OBLIGATIONS_INSTANTIATION_PENDING_NOT_PROVED
D009,02 法源、解释与类案研究,指定法律概念和法条内容是什么，能否准确回到原文？,机械精化优先（给定结构输入）,quoted_span=source[start:end]；概念答案每个受保护命题绑定可回读出处,正式版本、定义范围和引文转码政策已选定,原文语义支持不是字节相等可独证,M02;M04;M16,EXT09;ROOT03;ROOT06;ROOT08;T01;T03;T20;T22;T24,真实引文但引用错版本，版本检查须拒绝,OBLIGATIONS_INSTANTIATION_PENDING_NOT_PROVED
D010,02 法源、解释与类案研究,给定事实或场景涉及哪些法条，而非只给相似词？,语义/经验混合（仍有必证结构）,结果在已冻结规则库及候选解释中满足适用谓词；全适用声称需独立候选覆盖,规则与事实适用关系被明确编译,规则库之外的遗漏与文本解释,M02;M06;M08;M16,EXT03;EXT09;ROOT06;ROOT08;T01;T03;T05;T06;T16;T17;T18;T19;T20;T22;T24,只召回相似法条不能签全部适用法条证书,OBLIGATIONS_INSTANTIATION_PENDING_NOT_PROVED
D011,02 法源、解释与类案研究,规则是否发生变更，题目考查的是哪个历史版本？,法律条件计算优先（须显式政策）,"Applicable(v,eventTime,stage,transitionRule)；法效时间与登记时间分别保存",过渡条款、溯及力和持续事件政策明确,官方修订和废止状态核验,M02;M10;M16,EXT09;ROOT06;ROOT08;T01;T03;T08;T20;T22;T24,后上传旧文本不得按新上传日期当新法,OBLIGATIONS_INSTANTIATION_PENDING_NOT_PROVED
D012,02 法源、解释与类案研究,定义词、上下文与跨条引用怎样改变条款含义？,法律条件计算优先（须显式政策）,限定词、定义作用域与引用图的解释器保持语义；递归引用有明确不动点或拒绝路径,引用目标和例外解释经登记,语言歧义和隐含引用识别,M03;M04;M11;M16,EXT04;EXT09;ROOT03;ROOT06;ROOT08;T01;T03;T09;T16;T17;T18;T19;T22;T24,定义中排除关联方，主文不得重新无条件纳入,OBLIGATIONS_INSTANTIATION_PENDING_NOT_PROVED
D013,02 法源、解释与类案研究,哪件类案在定性、量刑或程序问题上相关？,语义/经验混合（仍有必证结构）,固定争点/语义下排序与指定score一致；类案迁移需相关特征保留见证,相关性维度、案件事实和规则解释固定,人工相关标签、外推与类比质量,M02;M06;M12;M16,EXT03;EXT06;EXT07;EXT09;ROOT06;ROOT08;T01;T03;T05;T06;T12;T13;T14;T15;T20;T22;T24,程序上相关但实体事实不同，不复制实体结论,OBLIGATIONS_INSTANTIATION_PENDING_NOT_PROVED
D014,02 法源、解释与类案研究,固定候选池重排与全库检索分别找到了什么、漏了什么？,机械精化优先（给定结构输入）,Returned⊆Relevant_D；只有覆盖D并完成判定才可声称Returned=Relevant_D,固定语料全集及独立相关性定义,开放网页和人工未标相关性的召回,M02;M16,EXT09;ROOT06;ROOT08;T01;T03;T20;T22;T24,100项pool全命中不能改写成全库无遗漏,OBLIGATIONS_INSTANTIATION_PENDING_NOT_PROVED
D015,02 法源、解释与类案研究,所引案例是否真的支持当前命题，能否准确定位引用？,语义/经验混合（仍有必证结构）,每个引用命题保留span与已核准语义支持边；支持图闭合后才可升级声明,来源解释/蕴涵见证获得独立审核或受限语言证明,任意自然语言是否支持论点,M02;M04;M06;M16,EXT03;EXT09;ROOT03;ROOT06;ROOT08;T01;T03;T05;T06;T20;T22;T24,案号真实但只支持相反观点，不准当正向依据,OBLIGATIONS_INSTANTIATION_PENDING_NOT_PROVED
D016,02 法源、解释与类案研究,判例被推翻或限制时，原引文还能否支撑结论？,法律条件计算优先（须显式政策）,先例效力图与引用时点关联；过时支持路径失效并重新计算受影响结论,推翻/限制的范围、法域和争点由法源解释,判例效力材料是否齐全,M02;M03;M10;M16,EXT09;ROOT06;ROOT08;T01;T03;T08;T16;T17;T18;T19;T20;T22;T24,推翻一个争点不得删除该案所有无关论点，亦不得保留被推翻点,OBLIGATIONS_INSTANTIATION_PENDING_NOT_PROVED
D017,02 法源、解释与类案研究,应适用普通法还是UCC等特别法律框架？,法律条件计算优先（须显式政策）,LegalFramework候选按管辖、标的、冲突法及适用条件筛选，保留未决分支,普通法/UCC等适用条件准入,混合合同性质的法律判断,M02;M03;M08;M16,EXT09;ROOT06;ROOT08;T01;T03;T16;T17;T18;T19;T20;T22;T24,不能按英文合同或美国当事人自动选UCC,OBLIGATIONS_INSTANTIATION_PENDING_NOT_PROVED
D018,02 法源、解释与类案研究,不同法域并购申报规则如何比较并保留法域区别？,法律条件计算优先（须显式政策）,跨法域比较保持每个域的主体/阈值/时间/效果；无保持映射则返回差异见证,各域源与比较维度已核验,无损迁移或制度等同性的开放判断,M01;M02;M11;M16,EXT04;EXT09;REV02;ROOT02;ROOT06;ROOT08;T01;T02;T03;T09;T20;T22;T24,将申报门槛相同误当申报后果相同须被区分,OBLIGATIONS_INSTANTIATION_PENDING_NOT_PROVED
D019,03 证据内容、事件与冲突,文本中发生了哪些法律事件，其触发词和范围在哪里？,语义/经验混合（仍有必证结构）,"Event(type,actors,object,span)均回指原文；标签映射无碰撞",事件schema和分词/跨度规范冻结,触发词识别召回与事件理解,M01;M04;M16,EXT09;REV02;ROOT02;ROOT03;ROOT06;ROOT08;T01;T02;T03;T22;T24,触发词来自引述假设，不得变成已发生事件,OBLIGATIONS_INSTANTIATION_PENDING_NOT_PROVED
D020,03 证据内容、事件与冲突,事件参与人、对象与案件阶段是否对应正确？,法律条件计算优先（须显式政策）,事件参与人、对象、法律阶段与证据地位逐边绑定,角色关系与阶段政策已确认,多主体指代消解,M01;M03;M04;M16,EXT09;REV02;ROOT02;ROOT03;ROOT06;ROOT08;T01;T02;T03;T16;T17;T18;T19;T22;T24,前案被害人不得由位置默认绑定到本案,OBLIGATIONS_INSTANTIATION_PENDING_NOT_PROVED
D021,03 证据内容、事件与冲突,多份材料能否组成有出处的时间线，而非补写不存在的日期？,法律条件计算优先（须显式政策）,明确日期形成偏序；无日期标为区间/未知，输出时间线为有效拓扑排序,时区、日期解释、先后证据规则明确,事件日期与先后关系提取,M03;M04;M10;M16,EXT09;ROOT03;ROOT06;ROOT08;T01;T03;T08;T16;T17;T18;T19;T20;T22;T24,没有时间的事件不凭叙述顺序补造精确日期,OBLIGATIONS_INSTANTIATION_PENDING_NOT_PROVED
D022,03 证据内容、事件与冲突,陈述、邮件和记录之间有哪些实质矛盾或含混？,语义/经验混合（仍有必证结构）,给出矛盾需明确命题、同一主体/时间及不相容见证；含混保留多解释,Contrary关系和共同语境已定义,冲突发现召回与语用解释,M04;M06;M11;M16,EXT03;EXT04;EXT09;ROOT03;ROOT06;ROOT08;T01;T03;T05;T06;T09;T22;T24,两个不同时点地址不能自动判为同一时点矛盾,OBLIGATIONS_INSTANTIATION_PENDING_NOT_PROVED
D023,03 证据内容、事件与冲突,哪些结论缺少直接材料，哪些只是文书没有记载？,法律条件计算优先（须显式政策）,missing_support(q)不推出¬q；无记录与否定证据构造分开,只在声明的完整记录范围内允许负查询,现实证据是否存在与可取得,M04;M05;M07;M16,EXT05;EXT09;ROOT03;ROOT06;ROOT08;T01;T03;T04;T16;T17;T18;T19;T22;T24,材料未附付款凭证不得推出肯定未付款,OBLIGATIONS_INSTANTIATION_PENDING_NOT_PROVED
D024,03 证据内容、事件与冲突,回答是否能定位到支持该答案的原句？,机械精化优先（给定结构输入）,每个答案的支持片段存在、边界合法且链到对应命题；冗余支持可保留,自然语言支持判断已审核或受限解释器可判定,标注忠实性及遗漏支持,M02;M04;M05;M16,EXT05;EXT09;ROOT03;ROOT06;ROOT08;T01;T03;T04;T20;T22;T24,给正确答案但引用无关原句，不通过支持检查,OBLIGATIONS_INSTANTIATION_PENDING_NOT_PROVED
D025,03 证据内容、事件与冲突,“是”“否”“不知道”是否保持区别？,机械精化优先（给定结构输入）,true/false/unknown/conflict（或现有状态的等价投影）不互相强转,否定形式、开放/闭世界范围明确,实际认定可靠性,M04;M07;M16,EXT09;ROOT03;ROOT06;ROOT08;T01;T03;T16;T17;T18;T19;T22;T24,unknown进if分支当False产生否定结论须拦截,OBLIGATIONS_INSTANTIATION_PENDING_NOT_PROVED
D026,03 证据内容、事件与冲突,记录中的主张、证据内容与法院认定是否被区分？,法律条件计算优先（须显式政策）,asserted/evidenceContent/adjudicated分别带来源和用途；不得隐式升格,机构认定有效使用范围和本地分析权限,证据真实与机构身份核验,M01;M04;M07;M16,EXT09;REV02;ROOT02;ROOT03;ROOT06;ROOT08;T01;T02;T03;T16;T17;T18;T19;T22;T24,原告诉称不得经摘要变成法院查明,OBLIGATIONS_INSTANTIATION_PENDING_NOT_PROVED
D027,03 证据内容、事件与冲突,现有文本事实能否支持拟写的审理事实段？,语义/经验混合（仍有必证结构）,事实段的受保护命题包含于准入事实或明确条件语义；保留未决项,被保护命题提取与模板投影明确定义,自由叙事是否漏义、误义,M04;M05;M13;M16,EXT05;EXT09;ROOT03;ROOT05;ROOT06;ROOT08;T01;T03;T04;T22;T24,把未确认行为改写为既成事实应使语义差量失败,OBLIGATIONS_INSTANTIATION_PENDING_NOT_PROVED
D028,03 证据内容、事件与冲突,是否把前科、其他案件与本次被诉事实混在一起？,机械精化优先（给定结构输入）,每个行为带case/event作用域；历史经历只能经指定规则进入本次分析,前科和本案归责作用明确,跨段指代与案情核验,M01;M03;M04;M16,EXT09;REV02;ROOT02;ROOT03;ROOT06;ROOT08;T01;T02;T03;T16;T17;T18;T19;T22;T24,过去抢劫经历不能直接加入本次危险驾驶罪名清单,OBLIGATIONS_INSTANTIATION_PENDING_NOT_PROVED
D029,04 请求权、抗辩及争点处理,从原告事实可以拟出哪些诉讼请求，主给付与附随费用如何分开？,语义/经验混合（仍有必证结构）,请求候选=给定事实与规则允许的remedy组合；主给付/附随费保持独立债项,请求基础、并列/备位及费用政策准入,诉请策略、文本到请求理解,M08;M11;M13;M16,EXT04;EXT09;ROOT05;ROOT06;ROOT08;T01;T09;T16;T17;T18;T19;T22;T24,互斥备位请求不能默认同时全额受偿,OBLIGATIONS_INSTANTIATION_PENDING_NOT_PROVED
D030,04 请求权、抗辩及争点处理,实际提出的诉请与依法可能获得支持的请求是否区分？,法律条件计算优先（须显式政策）,FiledClaims、AllowedClaims、SupportedClaims、AwardedClaims为不同对象并显式连接,阶段与所问集合明确,历史金标只是实际诉请或裁判，不给全解覆盖,M08;M16,EXT09;ROOT06;ROOT08;T01;T16;T17;T18;T19;T22;T24,生成与原告诉请相同不获得全部合法请求证书,OBLIGATIONS_INSTANTIATION_PENDING_NOT_PROVED
D031,04 请求权、抗辩及争点处理,被告称款项属于投资而非借款时，应形成哪个争点？,语义/经验混合（仍有必证结构）,借贷与投资等备选法律关系是相互关联的情景，分别导出前提与结果,款项性质解释及证据规则已确认,合同实质关系认定,M04;M07;M08;M16,EXT09;ROOT03;ROOT06;ROOT08;T01;T03;T16;T17;T18;T19;T22;T24,不得把被告的投资抗辩既当承认借款又作相反事实,OBLIGATIONS_INSTANTIATION_PENDING_NOT_PROVED
D032,04 请求权、抗辩及争点处理,主张履行、已付款、合同无效和其他法律关系如何分支？,法律条件计算优先（须显式政策）,分支共享身份、输入版本，保留成立/履行/无效/清偿等相容性约束,无效与清偿等法律后果关系明定,事实认定与解释选择,M06;M07;M08;M16,EXT03;EXT09;ROOT06;ROOT08;T01;T05;T06;T16;T17;T18;T19;T22;T24,在有效分支取本金规则、无效分支取收益规则拼接不合法结果,OBLIGATIONS_INSTANTIATION_PENDING_NOT_PROVED
D033,04 请求权、抗辩及争点处理,借贷中时效争议是否存在，而不是法院自动消灭债权？,法律条件计算优先（须显式政策）,时效到期、抗辩提出、后续承诺及期间变化分别计算；到期不自动删债权,适用时效制度及中止中断前提明确,知悉时间和请求行为证明,M03;M07;M10;M16,EXT09;ROOT06;ROOT08;T01;T08;T16;T17;T18;T19;T20;T22;T24,只有到期，无抗辩提出，不自动按时效驳回,OBLIGATIONS_INSTANTIATION_PENDING_NOT_PROVED
D034,04 请求权、抗辩及争点处理,原告、被告各自提出的事实与反驳如何组织为焦点？,法律条件计算优先（须显式政策）,Issue图分别链接主张、反驳、责任主体、支持集及攻击靶点,各争点证明责任政策明定,焦点发现是否齐全,M05;M06;M07;M16,EXT03;EXT05;EXT09;ROOT06;ROOT08;T01;T04;T05;T06;T16;T17;T18;T19;T22;T24,把反驳未成立当作对方主张已证明，须拒绝此跳步,OBLIGATIONS_INSTANTIATION_PENDING_NOT_PROVED
D035,04 请求权、抗辩及争点处理,答辩是否回应现有请求和证据，而非虚构承认或抗辩？,语义/经验混合（仍有必证结构）,每个答辩命题链接所回应请求/证据；新承认必须有单独授权来源,代理权限和可用抗辩政策,答辩质量、论证充分性,M05;M08;M13;M16,EXT05;EXT09;ROOT05;ROOT06;ROOT08;T01;T04;T16;T17;T18;T19;T22;T24,模板中无来源的债务承认应触发审查而非静默写入,OBLIGATIONS_INSTANTIATION_PENDING_NOT_PROVED
D036,04 请求权、抗辩及争点处理,同一侵权请求的责任、比例、给付方式与结论能否衔接？,法律条件计算优先（须显式政策）,责任主体、方式、份额与金额由同一责任模型联算,责任方式、追偿和赔偿项目规则准入,比例评价与损害事实,M08;M09;M11;M16,EXT04;EXT09;ROOT04;ROOT06;ROOT08;T01;T08;T09;T10;T16;T17;T18;T19;T22;T24,连带责任外部给付与内部份额不得混为每人比例给付,OBLIGATIONS_INSTANTIATION_PENDING_NOT_PROVED
D037,05 刑事定罪、量刑与多被告,应匹配哪些罪名标签，是否存在多罪而非单一分类？,语义/经验混合（仍有必证结构）,每被告罪名集合满足选定要件/阻却/竞合政策；输出标签与语义双向映射,刑法版本及采用的教义学结构已明确,构成要件事实与开放概念,M06;M08;M16,EXT03;EXT09;ROOT06;ROOT08;T01;T05;T06;T16;T17;T18;T19;T22;T24,单标签接口不得悄悄丢掉第二项合法罪名候选,OBLIGATIONS_INSTANTIATION_PENDING_NOT_PROVED
D038,05 刑事定罪、量刑与多被告,法条类别ID对应哪一个法条，索引是否正确转换？,机械精化优先（给定结构输入）,encode/decode满足标签往返；标签ID、法条编号、款项保持不同类型,实际数据版本的词典冻结,词典来源及时效核验,M01;M02;M16,EXT09;REV02;ROOT02;ROOT06;ROOT08;T01;T02;T03;T20;T22;T24,law.txt第1项不自动打印为刑法第1条,OBLIGATIONS_INSTANTIATION_PENDING_NOT_PROVED
D039,05 刑事定罪、量刑与多被告,有期、无期和死刑是否采用不同类型而非普通数值？,机械精化优先（给定结构输入）,刑种为和类型；Term(months)、Life、Death等不可用普通加法混算,刑种组合与计算规则单独注册,刑种适用的实质判断,M01;M09;M16,EXT09;REV02;ROOT02;ROOT04;ROOT06;ROOT08;T01;T02;T08;T09;T10;T22;T24,−1/−2哨兵不进入刑期均值或罚金计算,OBLIGATIONS_INSTANTIATION_PENDING_NOT_PROVED
D040,05 刑事定罪、量刑与多被告,有无给定法条文本时，刑期预测条件有何不同？,语义/经验混合（仍有必证结构）,预测目标及输入特征预算固定；有法条/无法条为两个配置，不混分母,时间切分、标签模型与法条可得性,真实留出准确性和漂移,M12;M16,EXT06;EXT07;EXT09;ROOT06;ROOT08;T01;T12;T13;T14;T15;T22;T24,有金标法条的预测分数不可标为无依据独立定罪能力,OBLIGATIONS_INSTANTIATION_PENDING_NOT_PROVED
D041,05 刑事定罪、量刑与多被告,多被告罪名与刑期是否分别对应正确主体？,机械精化优先（给定结构输入）,逐被告构成、情节、刑罚映射共同身份保持，集合结果可独立检查,个别化量刑与共同责任规则,事实归属核验,M01;M06;M09;M16,EXT03;EXT09;REV02;ROOT02;ROOT04;ROOT06;ROOT08;T01;T02;T05;T06;T08;T09;T10;T22;T24,互换姓名仍维持全案金额/刑期合计但检查须失败,OBLIGATIONS_INSTANTIATION_PENDING_NOT_PROVED
D042,05 刑事定罪、量刑与多被告,案件级结果是否全部一致，而非平均分掩盖一个被告错配？,机械精化优先（给定结构输入）,"CaseCorrect=∀d∈RequiredDefendants,Correct_d∧RelationConsistency；不足者显式未决",RequiredDefendants来自独立案卷清单,案卷被告是否穷尽,M01;M16,EXT09;REV02;ROOT02;ROOT06;ROOT08;T01;T02;T22;T24,逐人平均99%不得声称每名被告都正确,OBLIGATIONS_INSTANTIATION_PENDING_NOT_PROVED
D043,05 刑事定罪、量刑与多被告,裁判文书中的刑期、罚金与裁判主文是否一致？,机械精化优先（给定结构输入）,主文中刑种、期间、罚金等投影等于核验后的结构记录,模板与显示单位、涉数政策明定,额外叙事内容审核,M09;M13;M16,EXT09;ROOT04;ROOT05;ROOT06;ROOT08;T01;T08;T09;T10;T22;T24,结构罚金5000，正文误写50000应被回读发现,OBLIGATIONS_INSTANTIATION_PENDING_NOT_PROVED
D044,05 刑事定罪、量刑与多被告,定罪所用法条、理由和结论是否前后一致？,语义/经验混合（仍有必证结构）,每项定罪结论有对应理由/规则路径；自由文书不得添加无路径罪名,理由结构与实际适用法条准入,法律解释充分性,M02;M06;M13;M16,EXT03;EXT09;ROOT05;ROOT06;ROOT08;T01;T03;T05;T06;T20;T22;T24,理由解释一罪、主文出现另一罪不因文风相似而通过,OBLIGATIONS_INSTANTIATION_PENDING_NOT_PROVED
D045,05 刑事定罪、量刑与多被告,犯罪金额需要计入哪些项目，能否正确归属后再相加？,法律条件计算优先（须显式政策）,计入金额前逐项验证财物/行为/主体归属及可加性；同源财物去重复,犯罪数额认定与计价规则明确,财物价值、次数和归属证明,M01;M08;M09;M16,EXT09;REV02;ROOT02;ROOT04;ROOT06;ROOT08;T01;T02;T08;T09;T10;T16;T17;T18;T19;T22;T24,赃款在两份记录出现不得加两遍,OBLIGATIONS_INSTANTIATION_PENDING_NOT_PROVED
D046,05 刑事定罪、量刑与多被告,传闻证据规则问题是否满足其具体要件和例外？,语义/经验混合（仍有必证结构）,在指定美国证据法版本内，逐要件/例外/用途给出允许或未决分支,法域、法庭程序和证据用途固定,陈述目的及例外事实认定,M02;M06;M07;M16,EXT03;EXT09;ROOT06;ROOT08;T01;T03;T05;T06;T16;T17;T18;T19;T20;T22;T24,不得把美国传闻标签直接变成中国证据排除结论,OBLIGATIONS_INSTANTIATION_PENDING_NOT_PROVED
D047,06 借贷、担保与共同债务,借款是否实际交付，是否已经清偿？,语义/经验混合（仍有必证结构）,交付事实与清偿事实分别进入责任链；输出对应认定/假设条件,借款成立、生效和清偿政策明确,银行记录真实性、资金用途,M04;M07;M08;M16,EXT09;ROOT03;ROOT06;ROOT08;T01;T03;T16;T17;T18;T19;T22;T24,出借记录不能自动证明后来未清偿,OBLIGATIONS_INSTANTIATION_PENDING_NOT_PROVED
D048,06 借贷、担保与共同债务,还款用于本金还是利息，能否识别抵充对象？,机械精化优先（给定结构输入）,抵充账本按准入顺序更新；每笔分配非负且不超过该笔付款，可追踪余额,约定/法定抵充规则与本息项目明确,实际付款和指定用途,M08;M09;M16,EXT09;ROOT04;ROOT06;ROOT08;T01;T08;T09;T10;T16;T17;T18;T19;T22;T24,同一还款同时全额扣本金、又全额扣利息应拒绝,OBLIGATIONS_INSTANTIATION_PENDING_NOT_PROVED
D049,06 借贷、担保与共同债务,借期利息、逾期利率、违约金各有什么约定？,法律条件计算优先（须显式政策）,借期利息、逾期利息、违约金分别形成计算组件，组合受适用政策限制,约定有效性与重叠项目规则,条款含义和实际违约期间,M03;M09;M16,EXT09;ROOT04;ROOT06;ROOT08;T01;T08;T09;T10;T16;T17;T18;T19;T22;T24,相似百分比不能默认三项全叠加,OBLIGATIONS_INSTANTIATION_PENDING_NOT_PROVED
D050,06 借贷、担保与共同债务,是否存在保证或物保，主体、登记、交付是否清楚？,法律条件计算优先（须显式政策）,保证/抵押/质押以不同法律关系、设立事件、效力与救济表示,特定担保类型法源及物权成立条件,登记/交付事实与担保文件核验,M01;M03;M08;M16,EXT09;REV02;ROOT02;ROOT06;ROOT08;T01;T02;T16;T17;T18;T19;T22;T24,签担保文件不自动证明登记完成或财产已交付,OBLIGATIONS_INSTANTIATION_PENDING_NOT_PROVED
D051,06 借贷、担保与共同债务,公司担保是否经过内部决议，是否涉及分支机构或对外担保？,法律条件计算优先（须显式政策）,决议存在、程序、代表权限及担保效力分别建谓词并按规则连接,公司类型、担保类型和适用时间明确,善意/应知等判断,M01;M03;M07;M16,EXT09;REV02;ROOT02;ROOT06;ROOT08;T01;T02;T16;T17;T18;T19;T22;T24,仅无决议字段不得由一条统一规则宣布所有担保无效,OBLIGATIONS_INSTANTIATION_PENDING_NOT_PROVED
D052,06 借贷、担保与共同债务,法定代表人以自己名义签约时责任主体如何标注？,法律条件计算优先（须显式政策）,签字人、名义、代表关系、合同当事人和责任人分别编码,代理/代表和合同解释准入,签署意图、相对人认识,M01;M03;M08;M16,EXT09;REV02;ROOT02;ROOT06;ROOT08;T01;T02;T16;T17;T18;T19;T22;T24,签名文本为自然人名不自动由其个人承担全部合同义务,OBLIGATIONS_INSTANTIATION_PENDING_NOT_PROVED
D053,06 借贷、担保与共同债务,配偶是否签字、是否共同举债及用于共同生活/经营？,语义/经验混合（仍有必证结构）,婚姻期间、签字、共同意思、用途和债务归属为独立争点,夫妻债务规则及特殊责任分配明定,用途、共同举债意思的事实证明,M01;M07;M08;M16,EXT09;REV02;ROOT02;ROOT06;ROOT08;T01;T02;T16;T17;T18;T19;T22;T24,婚内借款不自动推出夫妻共同债务,OBLIGATIONS_INSTANTIATION_PENDING_NOT_PROVED
D054,06 借贷、担保与共同债务,主张公司人格混同或连带责任时，哪些事实材料支持？,语义/经验混合（仍有必证结构）,公司关系证据形成支持图；人格混同等评价与连带后果单独规则连接,穿透责任适用条件和证明责任,开放法律评价与真实关系调查,M01;M05;M08;M16,EXT05;EXT09;REV02;ROOT02;ROOT06;ROOT08;T01;T02;T04;T16;T17;T18;T19;T22;T24,共用电话不直接生成无限连带责任边,OBLIGATIONS_INSTANTIATION_PENDING_NOT_PROVED
D055,06 借贷、担保与共同债务,资金是否来自金融机构贷款，现金出借能力和惯例有无材料？,语义/经验混合（仍有必证结构）,资金来源和现金能力是有来源的事实候选；不足即未证而非虚构负事实,所涉法律关系及来源限制政策明确,出借能力、惯例及贷款来源真实性,M02;M04;M07;M16,EXT09;ROOT03;ROOT06;ROOT08;T01;T03;T16;T17;T18;T19;T20;T22;T24,收入低不自动证明不可能现金出借,OBLIGATIONS_INSTANTIATION_PENDING_NOT_PROVED
D056,06 借贷、担保与共同债务,律师费、诉讼费等承担约定和请求是否被明确区分？,法律条件计算优先（须显式政策）,律师费、诉讼费、保全费等使用独立债项/基础/受益人/请求状态,转嫁费用条件、法院收费与委托收费区分,合理性与实际支付证明,M08;M09;M13;M16,EXT09;ROOT04;ROOT05;ROOT06;ROOT08;T01;T08;T09;T10;T16;T17;T18;T19;T22;T24,自身工时报价不能自动作为对方应赔律师费,OBLIGATIONS_INSTANTIATION_PENDING_NOT_PROVED
D057,07 侵权责任与损害,发生的纠纷属于哪一种侵权类型？,语义/经验混合（仍有必证结构）,侵权类型候选按要件选择，开放残余不强制塞既有类别,类型库范围与一般/特别规则准入,侵权类型解释,M02;M04;M08;M16,EXT09;ROOT03;ROOT06;ROOT08;T01;T03;T16;T17;T18;T19;T20;T22;T24,分类器不认识的新情形不能返回无任何请求权,OBLIGATIONS_INSTANTIATION_PENDING_NOT_PROVED
D058,07 侵权责任与损害,不同当事人的行为、损害、因果联系与过错如何组织？,语义/经验混合（仍有必证结构）,行为—损害—因果—过错是类型化关系；统计因果与法律归责分层,实体归责规则与因果模型分别明确,因果假设、损害及过错事实,M01;M06;M12;M16,EXT03;EXT06;EXT07;EXT09;REV02;ROOT02;ROOT06;ROOT08;T01;T02;T05;T06;T12;T13;T14;T15;T22;T24,相关性显著不直接推出法律上的相当因果或责任,OBLIGATIONS_INSTANTIATION_PENDING_NOT_PROVED
D059,07 侵权责任与损害,责任是否成立，与责任比例大小是否分开？,语义/经验混合（仍有必证结构）,成立门和份额选择分开；无责任不得被赋正赔偿份额,成立/免责/减责适用政策,比例裁量与因果评价,M08;M09;M16,EXT09;ROOT04;ROOT06;ROOT08;T01;T08;T09;T10;T16;T17;T18;T19;T22;T24,用小比例掩盖根本不承担该责任的主体,OBLIGATIONS_INSTANTIATION_PENDING_NOT_PROVED
D060,07 侵权责任与损害,不同主体以何种责任方式承担，而不是只分百分比？,法律条件计算优先（须显式政策）,分别建按份、连带、补充等外部给付义务与内部追偿关系,所用责任模式与先后顺序政策准入,责任方式的法律认定,M08;M09;M11;M16,EXT04;EXT09;ROOT04;ROOT06;ROOT08;T01;T08;T09;T10;T16;T17;T18;T19;T22;T24,同一损害多个连带债务全额相加造成超额受偿,OBLIGATIONS_INSTANTIATION_PENDING_NOT_PROVED
D061,07 侵权责任与损害,总损失由哪些项目构成？,机械精化优先（给定结构输入）,损失账本按损害事件、受益人、项目和时间去重，再执行明确聚合,哪些项目可赔和计价口径经准入,损失存在、必要性、未来损害估计,M01;M09;M16,EXT09;REV02;ROOT02;ROOT04;ROOT06;ROOT08;T01;T02;T08;T09;T10;T22;T24,发票额和同一损失评估额不得无条件双计,OBLIGATIONS_INSTANTIATION_PENDING_NOT_PROVED
D062,07 侵权责任与损害,按责任比例、责任方式计算每方给付是否一致？,机械精化优先（给定结构输入）,逐方给付满足外部偿付总约束及内部规则；共享损失基数一致,比例、连带、已付及追偿口径明定,裁量比例与事实余额,M08;M09;M11;M16,EXT04;EXT09;ROOT04;ROOT06;ROOT08;T01;T08;T09;T10;T16;T17;T18;T19;T22;T24,把外部连带金额按内部份额削减，须发现语义不符,OBLIGATIONS_INSTANTIATION_PENDING_NOT_PROVED
D063,07 侵权责任与损害,金钱赔偿之外是否还有其他承担责任方式？,法律条件计算优先（须显式政策）,恢复原状、停止侵害等非金钱救济为动作/状态目标，不强转人民币,救济允许条件、可履行性及相容性,现实履行可能与比例原则判断,M03;M08;M16,EXT09;ROOT06;ROOT08;T01;T16;T17;T18;T19;T22;T24,道歉或禁令不能当赔偿金额零而消失,OBLIGATIONS_INSTANTIATION_PENDING_NOT_PROVED
D064,07 侵权责任与损害,最终裁判总结是否保留责任分析、比例和金额的条件？,法律条件计算优先（须显式政策）,总结中每项责任、比例、数值和限制来自同一场景见证,文书受保护观察集合独立确定,自由表达语义审核,M08;M11;M13;M16,EXT04;EXT09;ROOT05;ROOT06;ROOT08;T01;T09;T16;T17;T18;T19;T22;T24,不同情景各取最有利结果拼成无条件总结,OBLIGATIONS_INSTANTIATION_PENDING_NOT_PROVED
D065,08 合同条款与权利义务审核,合同主体、签订、生效、到期和续展条件是什么？,机械精化优先（给定结构输入）,合同状态依成立、生效、终止、续展等不同事件更新,触发条款、效力条件和时间语义明确,签署/到达/审批/履行事实,M01;M03;M10;M16,EXT09;REV02;ROOT02;ROOT06;ROOT08;T01;T02;T08;T16;T17;T18;T19;T20;T22;T24,签订日不自动等于生效日；到期不自动抹去存续义务,OBLIGATIONS_INSTANTIATION_PENDING_NOT_PROVED
D066,08 合同条款与权利义务审核,准据法条款指向哪个法域，不能仅凭当事人所在地推断？,法律条件计算优先（须显式政策）,准据法条款候选与最终适用法判断分离并保留冲突法路径,选择法有效性与强制性规范政策,条款解释及连接点核验,M01;M02;M03;M16,EXT09;REV02;ROOT02;ROOT06;ROOT08;T01;T02;T03;T16;T17;T18;T19;T20;T22;T24,当事人在某州设立不自动推定该州法管全部合同,OBLIGATIONS_INSTANTIATION_PENDING_NOT_PROVED
D067,08 合同条款与权利义务审核,最惠待遇、排他、竞业和不招揽义务如何约束各方？,语义/经验混合（仍有必证结构）,限制按主体、行为、区域、期间、例外及规范效力表达,限制条款解释和可执行性政策,合理范围、市场与事实判断,M03;M08;M16,EXT09;ROOT06;ROOT08;T01;T16;T17;T18;T19;T22;T24,排他义务不是自动转让排他知识产权,OBLIGATIONS_INSTANTIATION_PENDING_NOT_PROVED
D068,08 合同条款与权利义务审核,限制的例外或保留条款是否改变主条款效果？,法律条件计算优先（须显式政策）,规则、例外、例外之例外采用明确优先或作用域语义,可废止/严格分类及适用政策已确认,例外文本含义,M03;M06;M16,EXT03;EXT09;ROOT06;ROOT08;T01;T05;T06;T16;T17;T18;T19;T22;T24,正向主条款命中后不得跳过后文除外事项,OBLIGATIONS_INSTANTIATION_PENDING_NOT_PROVED
D069,08 合同条款与权利义务审核,无因终止、通知期与停止续展之间有何差异？,法律条件计算优先（须显式政策）,终止权行使、通知到达、终止生效、拒绝续展分别为事件,合同与适用法对期限/生效的政策明确,通知有效送达事实,M03;M10;M16,EXT09;ROOT06;ROOT08;T01;T08;T16;T17;T18;T19;T20;T22;T24,发出停止续展通知不能直接终止当前履行期,OBLIGATIONS_INSTANTIATION_PENDING_NOT_PROVED
D070,08 合同条款与权利义务审核,控制权变更与转让是否同义，触发同意、通知还是终止？,法律条件计算优先（须显式政策）,控制权变化按每份合同定义求触发，再分别产生通知、同意、终止等后果,各合同定义及事件范围已解释,控制关系和交易实质,M03;M11;M16,EXT04;EXT09;ROOT06;ROOT08;T01;T09;T16;T17;T18;T19;T22;T24,同一交易事实不可用统一阈值覆盖全部合同,OBLIGATIONS_INSTANTIATION_PENDING_NOT_PROVED
D071,08 合同条款与权利义务审核,许可从排他转为非排他时，是否误认整个许可终止？,机械精化优先（给定结构输入）,转换license_exclusive→license_nonexclusive不推出license_terminated,条款对转换与终止有明确语义,条款有效性、触发事实,M03;M08;M16,EXT09;ROOT06;ROOT08;T01;T16;T17;T18;T19;T22;T24,只失去排他性时删除全部使用许可，应拦截,OBLIGATIONS_INSTANTIATION_PENDING_NOT_PROVED
D072,08 合同条款与权利义务审核,知识产权归属、共有及关联方许可范围是什么？,法律条件计算优先（须显式政策）,IP归属、共有份额、许可、再许可和关联方范围使用不同关系,权属转移与许可政策准入,成果性质与权属事实,M01;M03;M08;M16,EXT09;REV02;ROOT02;ROOT06;ROOT08;T01;T02;T16;T17;T18;T19;T22;T24,有许可不等于成为权利人；关联方不因集团标签自动获许可,OBLIGATIONS_INSTANTIATION_PENDING_NOT_PROVED
D073,08 合同条款与权利义务审核,永久、不可撤销、不可转让与用量限制许可是否区分？,法律条件计算优先（须显式政策）,永久性、可撤销性、可转让性、用量上限为独立属性和事件规则,“永久”等文字范围与法律效力明定,开放条款解释,M03;M10;M16,EXT09;ROOT06;ROOT08;T01;T08;T16;T17;T18;T19;T20;T22;T24,永久许可不自动等于不可撤销且无限量,OBLIGATIONS_INSTANTIATION_PENDING_NOT_PROVED
D074,08 合同条款与权利义务审核,最低采购、价格限制、收益分成与用量费用是什么？,机械精化优先（给定结构输入）,采购量、价格机制、分成基数及用量费分别计算并保留期间/单位,最低承诺和费用触发政策,销量、净收入定义及审计事实,M03;M09;M16,EXT09;ROOT04;ROOT06;ROOT08;T01;T08;T09;T10;T16;T17;T18;T19;T22;T24,销售额分成误用利润基数或跨期重复汇总,OBLIGATIONS_INSTANTIATION_PENDING_NOT_PROVED
D075,08 合同条款与权利义务审核,责任上限、无上限例外、约定赔偿和保险怎样衔接？,法律条件计算优先（须显式政策）,赔偿分项先归类，再应用cap、carveout、时间/责任模式约束,上限有效性、例外和保险责任另行明确,损失性质、可保性与比例评价,M03;M09;M11;M16,EXT04;EXT09;ROOT04;ROOT06;ROOT08;T01;T08;T09;T10;T16;T17;T18;T19;T22;T24,对保密例外也机械套一般cap，或将保险限额当责任上限,OBLIGATIONS_INSTANTIATION_PENDING_NOT_PROVED
D076,08 合同条款与权利义务审核,终止后服务、源代码托管、审计权及第三方受益如何存续？,法律条件计算优先（须显式政策）,终止后服务、审计、托管及第三方权利按survival规则独立维持,存续条款与适用法政策,托管条件及第三方地位,M03;M10;M16,EXT09;ROOT06;ROOT08;T01;T08;T16;T17;T18;T19;T20;T22;T24,合同状态终止不得全量删除结算清理等存续效果,OBLIGATIONS_INSTANTIATION_PENDING_NOT_PROVED
D077,09 并购与交割条件,交割时陈述保证的准确性标准及bring-down时点是什么？,法律条件计算优先（须显式政策）,每项陈述绑定被评价时间及bring-down标准，分别测试各交割时点,重要性、知识限定及免责政策准入,陈述真假和重大性,M03;M10;M16,EXT09;ROOT06;ROOT08;T01;T08;T16;T17;T18;T19;T20;T22;T24,签约时真实不自动证明交割时真实,OBLIGATIONS_INSTANTIATION_PENDING_NOT_PROVED
D078,09 并购与交割条件,MAE定义、除外事项与不成比例影响修饰怎样组合？,语义/经验混合（仍有必证结构）,MAE主定义、例外与不成比例影响修饰使用有作用域的表达式,具体合同的语义与法律政策固定,重大性与不成比例影响的开放评价,M03;M06;M11;M16,EXT03;EXT04;EXT09;ROOT06;ROOT08;T01;T05;T06;T09;T16;T17;T18;T19;T22;T24,除外事件无论怎样影响都排除，丢失修饰条款,OBLIGATIONS_INSTANTIATION_PENDING_NOT_PROVED
D079,09 并购与交割条件,知识标准是实际知道、推定知道还是调查后知道？,语义/经验混合（仍有必证结构）,实际知道、推定知道、合理调查后知道分类型，不能作同一布尔字段,知识限定所指人员和调查义务范围明定,主观知道及调查事实,M03;M04;M16,EXT09;ROOT03;ROOT06;ROOT08;T01;T03;T16;T17;T18;T19;T22;T24,一员工知道不自动等于定义中的管理层知道,OBLIGATIONS_INSTANTIATION_PENDING_NOT_PROVED
D080,09 并购与交割条件,no-shop与受托义务例外在何种条件下允许接触其他报价？,法律条件计算优先（须显式政策）,no-shop禁止、允许例外和行使前提构成合法行动集,受托义务例外、保密协议等条件准入,更优报价和董事会评价,M03;M15;M16,EXT08;EXT09;ROOT06;ROOT08;T01;T16;T17;T18;T19;T21;T22;T24,一般禁止不能抹去明确例外，例外也不能取消全部限制,OBLIGATIONS_INSTANTIATION_PENDING_NOT_PROVED
D081,09 并购与交割条件,变更推荐、终止权及匹配期分别在何时触发？,法律条件计算优先（须显式政策）,报价通知、匹配窗口、推荐变更与终止按事件先后和可行策略求解,每一权利的期限和前提单独规定,是否满足商业/法律评价条件,M03;M10;M15;M16,EXT08;EXT09;ROOT06;ROOT08;T01;T08;T16;T17;T18;T19;T20;T21;T22;T24,在匹配期届满前自动生成已可终止状态,OBLIGATIONS_INSTANTIATION_PENDING_NOT_PROVED
D082,09 并购与交割条件,Superior Offer和Intervening Event的定义及时间限制是什么？,语义/经验混合（仍有必证结构）,SuperiorOffer与InterveningEvent分别匹配定义与时间界,具体定义及知悉标准明定,实质更优/不可预见判断,M03;M04;M10;M16,EXT09;ROOT03;ROOT06;ROOT08;T01;T03;T08;T16;T17;T18;T19;T20;T22;T24,所有新报价都算介入事件导致错误权利触发,OBLIGATIONS_INSTANTIATION_PENDING_NOT_PROVED
D083,09 并购与交割条件,通常经营承诺、买方同意和禁止性中间承诺如何约束行为？,法律条件计算优先（须显式政策）,经营承诺、禁止事项及买方同意形成各自条件，行动同时通过必要门,通常经营及合理同意政策,经营正常性与交易事实,M03;M15;M16,EXT08;EXT09;ROOT06;ROOT08;T01;T16;T17;T18;T19;T21;T22;T24,一个同意回执不得豁免其他独立禁止事项,OBLIGATIONS_INSTANTIATION_PENDING_NOT_PROVED
D084,09 并购与交割条件,特定履行等救济的条件是否与交割及终止条款一致？,法律条件计算优先（须显式政策）,特定履行、终止、交割义务与赔偿集合按相容政策求联合结果,救济可用性与互斥/可并行关系准入,可履行性与法院裁量,M03;M08;M11;M16,EXT04;EXT09;ROOT06;ROOT08;T01;T09;T16;T17;T18;T19;T22;T24,相互排斥救济无条件同时列为最终可得,OBLIGATIONS_INSTANTIATION_PENDING_NOT_PROVED
D085,09 并购与交割条件,期权、RSU、离职员工权益与双重触发补偿如何处理？,机械精化优先（给定结构输入）,权益种类、归属、服务身份、价格和双触发事件同一记录联算,交易协议和雇佣权益规则明定,身份、离职事由与价格事实,M01;M03;M09;M16,EXT09;REV02;ROOT02;ROOT04;ROOT06;ROOT08;T01;T02;T08;T09;T10;T16;T17;T18;T19;T22;T24,未发生第二触发仍支付全部双触发补偿,OBLIGATIONS_INSTANTIATION_PENDING_NOT_PROVED
D086,09 并购与交割条件,交易结构、披露附表与尽调发现之间是否矛盾？,法律条件计算优先（须显式政策）,交易结构、披露附表与尽调命题按同一实体/时期比较，输出差异见证,披露效力和修订优先语义已定,实质矛盾与披露充分性,M04;M06;M11;M16,EXT03;EXT04;EXT09;ROOT03;ROOT06;ROOT08;T01;T03;T05;T06;T09;T22;T24,披露表的未知条目被视为保证完全真实,OBLIGATIONS_INSTANTIATION_PENDING_NOT_PROVED
D087,10 企业调查、诉讼与执行数据,公司登记状态、注册资本、法定代表人与上市信息是否对应同一主体？,机械精化优先（给定结构输入）,多表join使用主体键与有效时间；不同快照值作为不同记录,来源表主键、函数依赖和时间字段明确,工商数据真实及时性,M01;M02;M16,EXT09;REV02;ROOT02;ROOT06;ROOT08;T01;T02;T03;T20;T22;T24,混用更名前名称和另一同名公司的资本,OBLIGATIONS_INSTANTIATION_PENDING_NOT_PROVED
D088,10 企业调查、诉讼与执行数据,子公司、参股比例与投资金额如何穿透关联？,机械精化优先（给定结构输入）,穿透关系为带边类型的图查询；持股链、控制和投资额分别表达,穿透定义、闭环及权益计算规则明确,间接控制与代持调查,M01;M02;M11;M16,EXT04;EXT09;REV02;ROOT02;ROOT06;ROOT08;T01;T02;T03;T09;T20;T22;T24,循环持股反复乘加产生虚假权益,OBLIGATIONS_INSTANTIATION_PENDING_NOT_PROVED
D089,10 企业调查、诉讼与执行数据,企业涉诉案件的原被告、案由、法院、时间和金额分别是什么？,机械精化优先（给定结构输入）,企业—案件—角色—金额按键连接，保留原文与记录去重,查询范围和关联谓词明确,案件库覆盖与名称关系核验,M01;M02;M16,EXT09;REV02;ROOT02;ROOT06;ROOT08;T01;T02;T03;T20;T22;T24,同一案件不同文书重复算作多案,OBLIGATIONS_INSTANTIATION_PENDING_NOT_PROVED
D090,10 企业调查、诉讼与执行数据,公司是否有限高、失信或终本记录，各自是什么意思？,机械精化优先（给定结构输入）,限高、失信、终本为不同程序记录/状态，不能隐式互推,各状态含义与有效时间法源,执行记录更新、解除与注销信息,M02;M03;M16,EXT09;ROOT06;ROOT08;T01;T03;T16;T17;T18;T19;T20;T22;T24,终本不自动等于永久失信或债务消灭,OBLIGATIONS_INSTANTIATION_PENDING_NOT_PROVED
D091,10 企业调查、诉讼与执行数据,未履行金额、执行标的与原涉案金额能否区别汇总？,机械精化优先（给定结构输入）,涉案额、执行标的、未履行额、已付额不同数量类型；归并保留债项键,统计业务口径与扣重政策明确,记录完整与金额实际变动,M01;M09;M16,EXT09;REV02;ROOT02;ROOT04;ROOT06;ROOT08;T01;T02;T08;T09;T10;T22;T24,把未履行额与执行标的加成总债务,OBLIGATIONS_INSTANTIATION_PENDING_NOT_PROVED
D092,10 企业调查、诉讼与执行数据,行政处罚的事实、机关、时间和金额能否与企业关联？,机械精化优先（给定结构输入）,行政处罚记录保留机关、主体、行为、日期及结果效力链,决定状态、撤销变更政策明定,官方信息核验与申诉状态,M01;M02;M03;M16,EXT09;REV02;ROOT02;ROOT06;ROOT08;T01;T02;T03;T16;T17;T18;T19;T20;T22;T24,已撤销处罚继续标为当前有效违法结论,OBLIGATIONS_INSTANTIATION_PENDING_NOT_PROVED
D093,10 企业调查、诉讼与执行数据,承办法院、代字、行政区划和联系信息如何多跳查询？,机械精化优先（给定结构输入）,代码、机关、地址与区划的连接有版本/有效期，不丢中间见证,机构键和区划变动映射已准入,最新地址与办公变动,M01;M02;M16,EXT09;REV02;ROOT02;ROOT06;ROOT08;T01;T02;T03;T20;T22;T24,区划改名不得制造两个不同法院或错用旧送达地址,OBLIGATIONS_INSTANTIATION_PENDING_NOT_PROVED
D094,10 企业调查、诉讼与执行数据,律所服务记录与案件代理信息如何查询而不虚构关联？,机械精化优先（给定结构输入）,案件代理边与律所服务记录分别引用原始关系，不作逆向无根据推断,数据库各表关系语义明确,代理信息真实及隐私许可,M01;M02;M16,EXT09;REV02;ROOT02;ROOT06;ROOT08;T01;T02;T03;T20;T22;T24,服务某上市公司不能推出代理该公司全部案件,OBLIGATIONS_INSTANTIATION_PENDING_NOT_PROVED
D095,11 金额、时间和经济敞口,本金、利息、违约金与费用应分别怎样计算？,机械精化优先（给定结构输入）,本息违约金费用按独立基数、期间和组合规则解释并守恒抵充,具体可计项目和请求范围明确,实际欠款与费用证明,M08;M09;M16,EXT09;ROOT04;ROOT06;ROOT08;T01;T08;T09;T10;T16;T17;T18;T19;T22;T24,还款后仍用旧本金累计全部期间利息,OBLIGATIONS_INSTANTIATION_PENDING_NOT_PROVED
D096,11 金额、时间和经济敞口,利率倍数问题对应的基准与适用时点是否明确？,机械精化优先（给定结构输入）,基准率取值由事件与法律政策决定，倍数运算只作用于被确认基准,利率上限法源、合同类型及过渡规则,实际基准发布数据核验,M02;M09;M10;M16,EXT09;ROOT04;ROOT06;ROOT08;T01;T03;T08;T09;T10;T20;T22;T24,用当前LPR倒填所有历史借款期间,OBLIGATIONS_INSTANTIATION_PENDING_NOT_PROVED
D097,11 金额、时间和经济敞口,现金加股票对价、换股比例与期权行权价如何换算？,机械精化优先（给定结构输入）,现金、股份数、股价、汇率和转换比例按维度推导，舍入阶段显式,交易条款、估值时点及舍入规则,价格源与员工身份事实,M01;M09;M16,EXT09;REV02;ROOT02;ROOT04;ROOT06;ROOT08;T01;T02;T08;T09;T10;T22;T24,按股计价格与总价混用使倍率相差股份数,OBLIGATIONS_INSTANTIATION_PENDING_NOT_PROVED
D098,11 金额、时间和经济敞口,提前清偿本金与make-whole溢价是否分别计算？,机械精化优先（给定结构输入）,提前清偿本金与premium分账；触发日和适用比例共同验证,提前清偿与豁免条款政策,偿债余额和预计交割日期,M03;M09;M10;M16,EXT09;ROOT04;ROOT06;ROOT08;T01;T08;T09;T10;T16;T17;T18;T19;T20;T22;T24,2%溢价计在原授信额度而非应清偿余额,OBLIGATIONS_INSTANTIATION_PENDING_NOT_PROVED
D099,11 金额、时间和经济敞口,30/60/90/120/180天等通知、补正和行使期怎样区分？,机械精化优先（给定结构输入）,不同期限带anchor、length、calendar、deadline_effect和证据状态,自然日/工作日、包含日及顺延政策明确,到达/知悉/履行事件核验,M03;M10;M16,EXT09;ROOT06;ROOT08;T01;T08;T16;T17;T18;T19;T20;T22;T24,60日补正期未到，仅因30日通知期到便认定终止,OBLIGATIONS_INSTANTIATION_PENDING_NOT_PROVED
D100,11 金额、时间和经济敞口,相对交割日倒排通知、同意和交付期限是否一致？,机械精化优先（给定结构输入）,倒排得到的时间表满足所有前置和日历约束；不可行时报告冲突,交割日期、资源和审批条件明确,第三方处理时长及可达性,M03;M10;M15;M16,EXT08;EXT09;ROOT06;ROOT08;T01;T08;T16;T17;T18;T19;T20;T21;T22;T24,倒排某项日期在过去，不能仍输出可执行完整计划,OBLIGATIONS_INSTANTIATION_PENDING_NOT_PROVED
D101,11 金额、时间和经济敞口,债务偿还、收入风险、无偿服务敞口与离职补偿是否错误混加？,法律条件计算优先（须显式政策）,债务本金、成本、收入风险、或有赔偿用不同数量/条件；只按声明风险函数聚合,现金流、存量、概率与场景口径明确,相关性、概率和经济损失评价,M09;M11;M12;M16,EXT04;EXT06;EXT07;EXT09;ROOT04;ROOT06;ROOT08;T01;T08;T09;T10;T12;T13;T14;T15;T22;T24,将收入风险当已实现损失并与原收入重复相加,OBLIGATIONS_INSTANTIATION_PENDING_NOT_PROVED
D102,11 金额、时间和经济敞口,终止权行使后服务义务和后续付款是否继续存在？,机械精化优先（给定结构输入）,终止后的义务由存续规则更新，不与主履行义务一并清空,终止生效、清理和过渡服务政策,后续履行和付款事实,M03;M09;M10;M16,EXT09;ROOT04;ROOT06;ROOT08;T01;T08;T09;T10;T16;T17;T18;T19;T20;T22;T24,删除终止前已发生的应付款或已产生责任,OBLIGATIONS_INSTANTIATION_PENDING_NOT_PROVED
D103,11 金额、时间和经济敞口,目标营运资金与最终营运资金、收益质量核对怎样支撑价格调整？,机械精化优先（给定结构输入）,价格调整由同一营运资金定义、参考日、排除项和对账差异计算,SPA价格公式和会计约定准入,报表真实、收益质量及审计判断,M02;M09;M11;M16,EXT04;EXT09;ROOT04;ROOT06;ROOT08;T01;T03;T08;T09;T10;T20;T22;T24,目标与期末使用不同科目范围仍报告精确差额,OBLIGATIONS_INSTANTIATION_PENDING_NOT_PROVED
D104,12 起草、修订与交付,能否起草回应对方主张的答辩，而不是重复案情？,语义/经验混合（仍有必证结构）,答辩覆盖必答请求，命题有出处/假设，承认与保留明确,必答清单和代理授权独立提供,论证质量和语言说服力,M05;M08;M13;M16,EXT05;EXT09;ROOT05;ROOT06;ROOT08;T01;T04;T16;T17;T18;T19;T22;T24,只复制原告事实也获文本相似高分不能称有效答辩,OBLIGATIONS_INSTANTIATION_PENDING_NOT_PROVED
D105,12 起草、修订与交付,能否写出只依现有材料的事实段、理由段与裁判段？,法律条件计算优先（须显式政策）,各段受保护命题与同一事实/论证/结果对象一致，不跳过上游条件,段落生成关系与允许修辞范围明确,任意文本全语义正确与法律充分性,M04;M06;M13;M16,EXT03;EXT09;ROOT03;ROOT05;ROOT06;ROOT08;T01;T03;T05;T06;T22;T24,给金标事实的阶段分数不得当原始卷宗全链分数,OBLIGATIONS_INSTANTIATION_PENDING_NOT_PROVED
D106,12 起草、修订与交付,原告诉讼请求列表是否完整保留各项给付与费用？,机械精化优先（给定结构输入）,已确认诉请列表到文书列表为身份保持的覆盖映射，无遗漏/错误合并,主/备位及分项请求清单独立确认,诉请是否最优或法定可支持,M08;M13;M16,EXT09;ROOT05;ROOT06;ROOT08;T01;T16;T17;T18;T19;T22;T24,两项同金额但不同请求对象不能在去重时删一项,OBLIGATIONS_INSTANTIATION_PENDING_NOT_PROVED
D107,12 起草、修订与交付,客户提示是否说明裁判或监管变化对业务的影响及不确定处？,语义/经验混合（仍有必证结构）,法律变化、裁判效果、执法姿态、预期修法分别呈现并带时间来源,所涉业务影响路径与法律解释,未来执法预测和面向客户的解释质量,M02;M03;M13;M16,EXT09;ROOT05;ROOT06;ROOT08;T01;T03;T16;T17;T18;T19;T20;T22;T24,“暂不执法”写成“规范已经废止”应失败,OBLIGATIONS_INSTANTIATION_PENDING_NOT_PROVED
D108,12 起草、修订与交付,律师备忘录是否兼顾结论、结构、法律依据和数值例子？,语义/经验混合（仍有必证结构）,指定章节/结论/引文/数值样例可逐项验证；核心观察保持,需求清单、模板与可用依据明确,组织、说服力、受众适配由经验/审核评价,M09;M13;M16,EXT09;ROOT04;ROOT05;ROOT06;ROOT08;T01;T08;T09;T10;T22;T24,数值正确但结论删去假设条件不得通过业务合同,OBLIGATIONS_INSTANTIATION_PENDING_NOT_PROVED
D109,12 起草、修订与交付,董事会决议是否含明确批准事项、理由与利益冲突保障？,法律条件计算优先（须显式政策）,决议生成保留机关、表决、授权事项、冲突保障；草稿不构成实际批准事件,公司治理规则、真实程序材料,真实授权、利益冲突评价,M01;M03;M13;M16,EXT09;REV02;ROOT02;ROOT05;ROOT06;ROOT08;T01;T02;T16;T17;T18;T19;T22;T24,生成“已决议”措辞不能使法定程序自动视为完成,OBLIGATIONS_INSTANTIATION_PENDING_NOT_PROVED
D110,12 起草、修订与交付,合同或附属协议草稿是否遵循提供的先例和termsheet？,语义/经验混合（仍有必证结构）,草案满足termsheet已核验约束；模板变换保持未授权变动区域,先例适用、目标条款及冲突处理政策,条款商业/法律质量,M03;M11;M13;M16,EXT04;EXT09;ROOT05;ROOT06;ROOT08;T01;T09;T16;T17;T18;T19;T22;T24,复用模板中的旧客户名或互斥条款应被识别,OBLIGATIONS_INSTANTIATION_PENDING_NOT_PROVED
D111,12 起草、修订与交付,对方红线修改影响哪些权利、义务、风险与其他定义？,法律条件计算优先（须显式政策）,修改点及所有依赖闭包形成受影响区；区外受保护观察不变,依赖图健全、编辑目标和条款语义准入,隐含影响与开放语言理解,M03;M11;M13;M16,EXT04;EXT09;ROOT05;ROOT06;ROOT08;T01;T09;T16;T17;T18;T19;T22;T24,修改定义后正文不变不代表法律效果未变,OBLIGATIONS_INSTANTIATION_PENDING_NOT_PROVED
D112,12 起草、修订与交付,披露附表、并购协议、融资承诺与最终文档是否一致？,法律条件计算优先（须显式政策）,多文书对同一承诺/金额/事件满足共享约束Γ，差异不被静默覆盖,各文档优先/整合条款政策明确,不明条款和遗漏附件的解释,M03;M11;M13;M16,EXT04;EXT09;ROOT05;ROOT06;ROOT08;T01;T09;T16;T17;T18;T19;T22;T24,融资承诺和终版额度不同仍输出“全部一致”须失败,OBLIGATIONS_INSTANTIATION_PENDING_NOT_PROVED
D113,12 起草、修订与交付,法律术语翻译、文书错字与语言校对是否保持原意思？,语义/经验混合（仍有必证结构）,受控术语翻译保持角色/否定/例外/数值；不支持结构保留人工审核,术语映射与目标语法范围固定,自由法律翻译全语义等价,M02;M04;M13;M16,EXT09;ROOT03;ROOT05;ROOT06;ROOT08;T01;T03;T20;T22;T24,“may”译成无条件“应当”、否定词丢失,OBLIGATIONS_INSTANTIATION_PENDING_NOT_PROVED
D114,12 起草、修订与交付,摘要是否覆盖材料要点且不生成无依据事实？,语义/经验混合（仍有必证结构）,摘要的受保护命题有来源；已独立确定的关键要点均覆盖,摘要目标、重要性口径和要点清单明确,语义压缩质量及未知关键点遗漏,M04;M05;M13;M16,EXT05;EXT09;ROOT03;ROOT05;ROOT06;ROOT08;T01;T03;T04;T22;T24,只保留支持方论据，删掉关键例外，不可称完整摘要,OBLIGATIONS_INSTANTIATION_PENDING_NOT_PROVED
D115,12 起草、修订与交付,输出文件名、格式、表格和指定多份交付物是否真实存在且可读取？,机械精化优先（给定结构输入）,必交文件存在、可解析、名称格式正确；回读的关键语义/表格等于核验对象,输出语言、格式规范、解析器可信范围明确,跨阅读器呈现和自由文本语义,M13;M14;M16,EXT09;ROOT05;ROOT06;ROOT07;ROOT08;T01;T22;T23;T24,文件存在但正文为空，或批注暴露内部备算，必须失败,OBLIGATIONS_INSTANTIATION_PENDING_NOT_PROVED
D116,13 办案、交易工作流与策略,尽调请求清单与资料室目录是否对应，哪些材料仍缺失？,机械精化优先（给定结构输入）,required_documents与VDR清单差集精确，未提交流转为明确未决,必需文件清单从任务及规则独立建立,未知文件与资料室完整性,M02;M16,EXT09;ROOT06;ROOT08;T01;T03;T20;T22;T24,缺失材料不得通过从现有目录生成“必需清单”抹去,OBLIGATIONS_INSTANTIATION_PENDING_NOT_PROVED
D117,13 办案、交易工作流与策略,交割清单、审批、同意与解除条件是否满足先后依赖？,法律条件计算优先（须显式政策）,行动/条件图中的发生事件、权限与前置满足；不存在合法排序则报告不可行,独立法定和交易前置条件明确,第三方是否配合和材料真实性,M03;M10;M15;M16,EXT08;EXT09;ROOT06;ROOT08;T01;T08;T16;T17;T18;T19;T20;T21;T22;T24,互相依赖形成环仍生成无条件可执行清单,OBLIGATIONS_INSTANTIATION_PENDING_NOT_PROVED
D118,13 办案、交易工作流与策略,对模糊条款应何时寻求书面确认、同意或豁免？,语义/经验混合（仍有必证结构）,书面确认、豁免与补证为合法行动；价值由明确预测/信息模型计算,可用行动权限、不可豁免规范及成本明定,解释不确定性、对手响应和因果假设,M03;M12;M15;M16,EXT06;EXT07;EXT08;EXT09;ROOT06;ROOT08;T01;T12;T13;T14;T15;T16;T17;T18;T19;T21;T22;T24,强制法义务不能由私人豁免事件删除,OBLIGATIONS_INSTANTIATION_PENDING_NOT_PROVED
D119,13 办案、交易工作流与策略,对关键基础设施和收入来源的风险应怎样排序？,语义/经验混合（仍有必证结构）,排序按明示偏好/风险度量执行，硬法律约束不被权重抵消,风险维度、客户偏好与共有依赖已确定,风险概率、效用和外部校准,M09;M11;M15;M16,EXT04;EXT08;EXT09;ROOT04;ROOT06;ROOT08;T01;T08;T09;T10;T21;T22;T24,将任意重要性权重误标法定唯一优先序,OBLIGATIONS_INSTANTIATION_PENDING_NOT_PROVED
D120,13 办案、交易工作流与策略,先例市场条款比较如何支持谈判立场而非成为法律规则？,语义/经验混合（仍有必证结构）,先例条款分布与规范效力分类型；建议明确来自市场样本而非法律义务,样本口径和谈判目标明定,选择偏差和对手反应,M02;M12;M15;M16,EXT06;EXT07;EXT08;EXT09;ROOT06;ROOT08;T01;T03;T12;T13;T14;T15;T20;T21;T22;T24,多数合同如此写不自动推导依法必须如此,OBLIGATIONS_INSTANTIATION_PENDING_NOT_PROVED
D121,13 办案、交易工作流与策略,第三方传票应提出何种异议、撤销申请或保护措施？,法律条件计算优先（须显式政策）,异议/撤销/保护措施按法域、主体资格、阶段及期限组成合法选项,美国对应程序规则与具体事实准入,最佳策略与法官反应,M02;M03;M07;M15;M16,EXT08;EXT09;ROOT06;ROOT08;T01;T03;T16;T17;T18;T19;T20;T21;T22;T24,将非当事人异议路径无条件给另一诉讼当事人,OBLIGATIONS_INSTANTIATION_PENDING_NOT_PROVED
D122,13 办案、交易工作流与策略,庭审或口头辩论提纲能否回应最佳反方观点与具体事实？,语义/经验混合（仍有必证结构）,提纲覆盖冻结的主要主张/反驳图并保留证据依赖与备位结构,论证候选范围及对抗目标明确,未知最佳反方、庭审表现和说服力,M05;M06;M13;M16,EXT03;EXT05;EXT09;ROOT05;ROOT06;ROOT08;T01;T04;T05;T06;T22;T24,只列弱反方并以数量宣称已回应最强反方,OBLIGATIONS_INSTANTIATION_PENDING_NOT_PROVED
D123,13 办案、交易工作流与策略,多跳法律工具查询是否足以支撑最后报告中的每项陈述？,机械精化优先（给定结构输入）,最终每个数据断言链接查询输入、中间连接、原记录与转换见证,查询器/库快照及字段语义固定,原始服务真实性和覆盖,M02;M05;M14;M16,EXT05;EXT09;ROOT06;ROOT07;ROOT08;T01;T03;T04;T20;T22;T23;T24,接口超时返回空列表，不能写成查无诉讼,OBLIGATIONS_INSTANTIATION_PENDING_NOT_PROVED
D124,14 伦理、隐私与表达可靠性,专业利益冲突是否被识别并在批准中给出保障措施？,法律条件计算优先（须显式政策）,利益关系图触发已登记的冲突与处置义务；豁免或批准需适当权限,职业/公司规则和不可豁免冲突明确,未披露关系及法律伦理评价,M01;M03;M14;M16,EXT09;REV02;ROOT02;ROOT06;ROOT07;ROOT08;T01;T02;T16;T17;T18;T19;T22;T23;T24,只生成董事会批准草稿就自动消除实际利益冲突,OBLIGATIONS_INSTANTIATION_PENDING_NOT_PROVED
D125,14 伦理、隐私与表达可靠性,回答是否体现偏见、歧视或不当的法律伦理判断？,语义/经验混合（仍有必证结构）,可指定的反事实输入不变性/群体风险指标分别检验；不自动等同公平全概念,哪些属性不应影响哪些输出由法律政策确定,结构偏差、测量误差及价值争议,M12;M14;M16,EXT06;EXT07;EXT09;ROOT06;ROOT07;ROOT08;T01;T12;T13;T14;T15;T22;T23;T24,移除敏感属性但代理变量仍泄露，不得声称已证明公平,OBLIGATIONS_INSTANTIATION_PENDING_NOT_PROVED
D126,14 伦理、隐私与表达可靠性,隐私政策如何描述收集、使用、共享、保存与用户权利？,法律条件计算优先（须显式政策）,隐私政策承诺、实际数据流与准许用途分开，检查指定披露/行为规则,数据类别、目的、许可及保存政策,真实运营是否遵守、用户理解,M02;M03;M14;M16,EXT09;ROOT06;ROOT07;ROOT08;T01;T03;T16;T17;T18;T19;T20;T22;T23;T24,文本写“不共享”不能直接证明代码与运营从不共享,OBLIGATIONS_INSTANTIATION_PENDING_NOT_PROVED
D127,14 伦理、隐私与表达可靠性,供应链披露是否包含规定项目，与最佳实践是否区分？,法律条件计算优先（须显式政策）,法定必需披露集合逐项覆盖；最佳实践保持建议类型,适用主体、年度、披露规范明定,实质信息真实充分,M02;M03;M16,EXT09;ROOT06;ROOT08;T01;T03;T16;T17;T18;T19;T20;T22;T24,遗漏法定项目却用更多可选披露补分，不算满足,OBLIGATIONS_INSTANTIATION_PENDING_NOT_PROVED
D128,14 伦理、隐私与表达可靠性,法律与道德、社会影响问题能否给出符合题目要求的判断？,语义/经验混合（仍有必证结构）,可形式化的是明示价值序/约束下的决策与敏感性，不从事实推出价值,价值前提及冲突取舍明确授权,道德正当性与社会影响评价,M12;M15;M16,EXT06;EXT07;EXT08;EXT09;ROOT06;ROOT08;T01;T12;T13;T14;T15;T21;T22;T24,把评分rubric或历史多数偏好当规范真理,OBLIGATIONS_INSTANTIATION_PENDING_NOT_PROVED
D129,14 伦理、隐私与表达可靠性,引文、事实和数值是否有据，是否有幻觉或相关但误用的信息？,法律条件计算优先（须显式政策）,引文回读、数值重算、支持范围与声明逐项绑定；冲突未决不升级,保护命题及已选语义定义,自由文本幻觉识别召回,M02;M05;M09;M13;M16,EXT05;EXT09;ROOT04;ROOT05;ROOT06;ROOT08;T01;T03;T04;T08;T09;T10;T20;T22;T24,引用真实但不支持该命题仍应失败,OBLIGATIONS_INSTANTIATION_PENDING_NOT_PROVED
D130,14 伦理、隐私与表达可靠性,不同事实、规则、法域及假设的结论是否被不当混成单一确定答案？,机械精化优先（给定结构输入）,不同κ、事实假设或解释的结果不得组成一个无条件见证,共同身份及相容关系明确,跨情景自然语言投影审核,M01;M06;M11;M16,EXT03;EXT04;EXT09;REV02;ROOT02;ROOT06;ROOT08;T01;T02;T05;T06;T09;T22;T24,从互斥分支各取有利结论合并必须拒绝,OBLIGATIONS_INSTANTIATION_PENDING_NOT_PROVED
D131,15 美国法特定问题与法律语言任务,法条是否明文赋予私人起诉实施权利的途径？,法律条件计算优先（须显式政策）,规定的私人起诉途径/权限与实体权利分别标识，并在选择法片段内判定,具体美国法条语义及题型范围已核定,隐含诉权与法条解释不由字符串解决,M02;M03;M08;M16,EXT09;ROOT06;ROOT08;T01;T03;T16;T17;T18;T19;T20;T22;T24,存在禁止性条文不自动推出任何私人可起诉,OBLIGATIONS_INSTANTIATION_PENDING_NOT_PROVED
D132,15 美国法特定问题与法律语言任务,最高法院审理问题应对应哪一个核心裁判要旨，而非相近措辞？,语义/经验混合（仍有必证结构）,holding匹配在给定候选与问题语义下检查；类案迁移另证相关特征,问题、核心要旨和候选含义明确,法律语言理解与先例控制力,M02;M04;M06;M16,EXT03;EXT09;ROOT03;ROOT06;ROOT08;T01;T03;T05;T06;T20;T22;T24,关键词相似的旁论不能替代核心裁判要旨,OBLIGATIONS_INSTANTIATION_PENDING_NOT_PROVED
D133,15 美国法特定问题与法律语言任务,证券集体诉讼片段是否载明原告；有多人时是否全部抽取？,语义/经验混合（仍有必证结构）,片段原告提及集合完整抽取需独立跨度标注；多主体键不合并,给定文段范围和mention/person映射准入,新文本召回和指代消解,M01;M04;M16,EXT09;REV02;ROOT02;ROOT03;ROOT06;ROOT08;T01;T02;T03;T22;T24,首个名字抽对不等于全体原告齐全,OBLIGATIONS_INSTANTIATION_PENDING_NOT_PROVED
D134,15 美国法特定问题与法律语言任务,劳动歧视案因果论证使用统计还是直接证据？这不是估计干预效果。,语义/经验混合（仍有必证结构）,输出“统计/直接证据使用”是文本分类；不得自动生成do效果结论,该任务标签与法律论证语义明确,分类器真实表现,M04;M12;M16,EXT06;EXT07;EXT09;ROOT03;ROOT06;ROOT08;T01;T03;T12;T13;T14;T15;T22;T24,统计证据类别命中不意味着识别了个案因果效应,OBLIGATIONS_INSTANTIATION_PENDING_NOT_PROVED
